ID,n_points,wrms_bary_kms,chi2_red_bary,wrms_free_kms,chi2_red_free,vinf_free_kms,rc_free_kpc,logMb,vinf_btfr_kms,rc_btfr_kpc,wrms_btfr_kms,chi2_red_btfr,vinf_freepred_kms,rc_freepred_kpc,wrms_freepred_kms,chi2_red_freepred
CamB,9,3.352201872848439,5.618628698164288,0.8209230276425168,0.4492764115425042,499.99999874447286,29.39072013953456,7.73,32.484878447056296,1.6665555690025997,1.4133937678388122,1.1415325388374824,34.798444450047946,1.8136551172732978,1.3429512712812384,1.030581781163368
D512-2,4,5.068775586108411,1.8370434856586328,0.967189647396916,0.1466346805361482,36.143496886680495,1.1262100720956578,8.43,48.605033416379165,3.5182201420739467,1.2314214928628195,0.1178569080211668,51.234184829016016,3.773740885254659,1.2771143141234451,0.12416417208432329
D564-8,6,7.637125838593393,18.972117215960974,0.2633499156923467,0.0441732292591695,32.528225479129425,1.1171622376860038,7.74,32.672415696934955,1.1267402925057954,0.26790680851672816,0.0334555082406775,34.99128009455529,1.424741133710521,0.39819690429593835,0.07154583145631709
D631-7,16,21.989795815301722,69.94670921724015,1.4999447225604603,0.3643533851284732,88.63571574132001,3.5974283511078053,8.68,56.128216954463774,1.5149393200590222,5.598149704675534,4.892848954427301,58.82471485587539,1.680792902298325,4.89342257894452,3.8178134180121575
DDO064,14,9.602329174673566,3.765731819310837,2.7807056745148078,0.355925583921419,64.21663419864578,1.1165205611122675,8.56,52.38189986881993,1.1098858567859513,2.78590985741806,0.4116921604904427,55.050317828009184,1.1085808383707108,2.7125183611617416,0.3802786947551315
DDO154,12,21.080395942158408,5117.131069350785,1.3646519347301795,2.19133787362017,57.01447667457929,1.4354432278794984,8.59,53.29435936387067,1.1592136485530709,1.2840716554426022,5.422285428338791,55.97058300675056,1.3535895934969886,1.2934509628019661,2.1628480999478406
DDO161,31,18.606193892513737,260.1348929636179,1.4319410510136494,0.3458421644710792,78.83720348135547,4.469290175264542,9.32,81.12995704703783,4.878540263698879,1.3276132750768488,0.36486547966804533,83.78375695015585,5.345967863263448,1.2967684593334279,0.4650369181186858
DDO168,10,14.965798787093842,83.39260838396241,3.171173063284554,4.210055904133325,85.60940872211938,2.2414420793473644,8.81,60.489674292320345,1.2940532489757286,3.719007627175215,8.129631161569034,63.20622177878315,1.346411063677819,3.402122776120751,6.957190792310764
DDO170,8,19.974040618403738,378.8039931730932,1.4950389236223558,1.525510308897563,63.05923059725069,1.83829521825482,9.1,71.47945722348125,4.4164469683951975,2.143007541898715,2.9568827827989668,74.19247015600357,4.809802311612676,2.267209489265058,3.8620225729627404
ESO079-G014,15,14.172808252094645,9.101229520612106,6.314825268438485,1.3663176785299151,194.1356240588592,4.72136252060276,10.48,158.1908086267689,5.141620012774582,7.6144158529034724,2.236763012429165,159.0595797508621,5.13335330527706,7.5579381036592395,2.1949346579984823
ESO116-G012,15,20.574030266397894,69.39068675831962,2.8263865465369946,1.0202120919947342,124.39339312706775,2.5632705419397857,9.55,92.61498187020153,1.6970401510551207,8.324064454904848,10.152446380135432,95.1392734838376,1.702269057530334,7.729420497591748,8.77205351170604
ESO444-G084,7,28.91918721768702,251.43742771254827,1.4600079833376325,0.5820963829412671,77.27141688296769,1.1681702521862003,8.33,45.88611043897352,0.2568973476683148,9.333892889987277,30.61264372708991,48.47968961749851,0.2962691824941552,8.201243027982029,23.127802172678493
ESO563-G021,30,45.987365676612185,37.10565538226635,18.176016338436384,11.48264362794687,312.79517658902057,4.9775668187835285,11.27,249.27644706870757,5.6815273387752825,22.616016971127348,14.074773121399343,246.12732444465473,5.713131528351844,23.017734134127213,14.357986261113684
F561-1,6,3.9556091665188924,0.6301907588181436,3.018791363147479,0.3523780325703137,48.66006209477686,1.036445167048492,,,,,,,,,
F563-1,17,49.094169460418414,21.057082900702618,7.016085093855374,0.5876722426138521,116.74318514485748,2.017364282404204,,,,,,,,,
F563-V1,6,1.893527088350907,0.17210135204729587,1.8428757057192435,0.271695269338416,6.73203256670555,0.1986514889120818,,,,,,,,,
F563-V2,10,38.878108766461835,9.893301346809277,4.686393548304569,0.1894857553281066,118.87200132851068,1.8896570538036976,,,,,,,,,
F565-V2,7,32.41778702256819,32.49862484426712,1.6011675001328374,0.0635260866988585,105.3733867207456,3.1556713874942197,9.08,70.66123864267068,1.3808820472802856,8.62533510598084,1.7529102177942586,73.37697954126092,1.5540092187847707,7.84484689260351,1.4018974596676603
F567-2,5,3.7311185342725923,0.29887355638719965,3.19028130621156,0.447462557564542,38.254489440669296,2.535038351562092,,,,,,,,,
F568-1,12,44.15696509273254,16.975374054614377,3.554124594626713,0.1266255448872285,153.24744362442354,2.1872813843450643,,,,,,,,,
F568-3,18,19.032058050354042,5.1139371095062165,6.2441521294112645,1.0282773435165509,134.07404800088383,3.6513055938302905,9.93,115.26069820640765,3.8165695386097505,6.28960053662094,1.2173180458721018,117.37073674071817,3.7921224082211724,6.178205414277859,1.1706813703592485
F568-V1,15,39.946880236174664,17.040040476510093,4.365561152129416,0.097228393750436,110.58849516238458,1.739427478831643,9.72,102.13656458428521,1.3509802223935374,5.089285014008328,0.14146682701657534,104.51047718096203,1.4596526153196308,4.698012112304705,0.11581657378572265
F571-8,13,47.76244924793829,131.73052685973178,3.2020572210766924,0.4560838028377635,176.17445941498704,3.4837500469422813,9.87,111.34769881527968,0.9483192931763447,19.594903485724927,24.49497686923723,113.54286034584368,0.9459527864302903,18.616471300376983,22.079244632546175
F571-V1,7,24.59264325761217,19.035733926745362,1.8643570390385908,0.0868838369581548,94.00897810908648,3.1748846222276184,9.41,85.44393599990431,2.825325918453484,3.5391243742048233,0.21048588060805606,88.0561778595813,2.8695201747135264,2.912480255616157,0.13841514894651535
F574-1,14,19.161746388406055,18.870679580602697,2.109572078425145,0.2460099973667835,110.0002406587304,1.719685277952944,9.9,113.28730515431083,1.886150329396956,2.530503680011351,0.3193523273701913,115.44093368662676,1.999488357655528,3.0512249252341475,0.4733442059014437
F574-2,5,2.6887153251486184,0.09281477860208737,1.3556737118053237,0.0495933292971884,38.41652389353431,3.582699188956981,,,,,,,,,
F579-V1,14,15.442862321642833,2.591329225308987,1.6964646308873557,0.0370008336509835,115.25385916604066,0.6430108269743022,,,,,,,,,
F583-1,25,25.797683608920508,21.623029260687662,3.5380374293805548,0.3723809388656278,97.09472996859284,2.657580608933797,9.52,91.02930900350202,2.606433926007151,3.580013234630106,0.4148283761048401,93.57499889860817,2.6216960912859313,3.478984708938222,0.376361045262754
F583-4,12,6.657951351534817,2.221086582763004,1.7075298242330854,0.164327520787412,499.9999999999968,47.00492579604047,9.23,77.03378658096432,5.433250797815201,2.1599474339632856,0.22991609765330656,79.71863075725106,5.734270291692235,2.122269523086,0.2226818258480628
IC2574,34,11.904163489107853,62.30981219065118,2.2551148323955554,2.3479226916720446,146.00981618549477,12.548840211015897,9.28,79.2832137609115,4.928874452217234,2.771635278184343,3.197669198998302,81.95205168278042,5.2907463720792025,2.651635518996636,3.032544895721533
IC4202,32,24.105575557417488,32.361881518281415,14.332355780742322,8.20896936152723,267.7711561560656,2.0151397067164383,11.03,217.1107092304584,1.4866691674716346,13.776714976873054,10.587473004230686,215.5558584113734,1.4703502534278006,13.840978291182022,10.7576065062547
KK98-251,15,5.3456010574110815,7.654138570980663,0.9762365561941592,0.2978243167655724,51.65094240284115,1.9576045096694936,8.29,44.84161504585387,1.750721585400574,1.1088563214718705,0.35468144471196017,47.41981230875086,1.744156294802886,1.0298920249158525,0.3059646873995985
NGC0024,29,15.587704369561905,23.390253317403456,3.1747895611015853,0.3301705160515474,103.78145616367364,0.6467743266690821,9.45,87.43418094158729,0.9695264359513416,5.42589811111831,1.2130722136140037,90.02431607575028,0.9107129457836995,4.84023464336161,0.9610665115649765
NGC0055,21,11.540791310057562,17.88817241285389,1.518038264434402,0.2580796248748704,98.97505929220203,3.1721429311586498,9.64,97.53966193969194,3.0749168073251054,1.4401741509086252,0.2580100499822374,99.99075109878524,3.241150814839176,1.6231028538341041,0.2509545154980752
NGC0100,21,17.04447833023287,9.703666375603131,1.2071566564469816,0.0830878069236656,103.52981905306903,2.4133271914597008,9.63,96.97979149350452,2.0370787306571017,2.021154003102465,0.18148053379641196,99.43970578461543,2.087546224376118,1.5127822504880655,0.11464941895841152
NGC0247,26,14.670251986800114,15.636083876807309,5.658187507362799,2.101128880588931,99.66025171048976,1.631192658950798,9.78,105.72586476096166,8.615381838478731,3.7639733744858717,3.368091037167406,108.03384436934823,8.883757666713066,3.7149062143674834,3.3953838126014877
NGC0289,28,63.37671835493053,43.613421507804844,10.03024141869945,2.0038045500976605,156.63448907568602,3.875079828546944,10.86,196.87077278394463,18.01198563050694,19.579647469286858,3.254626408504389,196.2274818526884,17.80910244530495,19.454148194212372,3.2263067658105817
NGC0300,25,22.552992085853635,46.06530459642028,3.1481869717366364,0.4204310149090526,107.74980276543468,3.205031069636134,9.43,86.43333014860089,1.8049346544073765,4.728808032761357,2.9103886140942357,89.03480885616271,1.8037785261587431,4.13652498900286,2.214923400600425
NGC0801,13,33.83496877524812,52.72270162090327,12.765781508116453,5.650221711152007,219.3459034237575,23.454150173687918,11.27,249.27644706870757,31.347869763385834,13.007979767050728,5.276743596437248,246.12732444465473,30.53068800809889,12.979663302360324,5.252992515993603
NGC0891,18,43.54275245129819,80.28066216994583,10.640288922373092,3.551445195295448,207.13296316330133,1.6958199540532013,10.88,199.15042889250736,1.49857773081004,12.270206646542775,3.7580474966835173,198.40829756363607,1.4880284407708901,12.443435031734888,3.843429913212719
NGC1003,36,38.70170850616595,252.54709249338057,3.971712120219277,2.457958851846719,125.42624446011948,6.9947339081407565,10.05,123.50406326333145,6.57636487259873,3.8605730030436844,2.403775484684249,125.41798837142983,6.992931246507182,3.971171205774946,2.3856662377592857
NGC1090,24,26.86787572940506,53.673369805750426,6.564045515742743,1.4450047790927407,145.64572488152425,2.667121409018728,10.68,177.49300658018487,12.880419390132966,9.689497350491738,2.9728344365534336,177.64779883115895,12.915615833276854,9.693269132313715,2.9770147919392254
NGC1705,14,28.78399595168113,35.246119852812654,1.894982697855219,0.0855607839021204,73.8311964731918,0.8296860647722635,,,,,,,,,
NGC2366,26,12.9758618604516,39.527062101182466,2.6743575364534937,0.7688165605032613,56.88527848376576,1.191670120197005,,,,,,,,,
NGC2403,73,37.897958779149306,840.1379531168416,4.734464722969675,10.69644500849848,134.36755463278357,3.029117172409113,9.97,117.9454647600039,1.1309631195327456,7.791122898966627,23.507011229376918,119.99408285968887,1.0430643998131455,7.114340923909113,18.900743795477492
NGC2683,11,31.788343649318147,14.160512639277407,7.726171645472853,1.1954512356223082,137.52610173922196,1.7235752792705077,10.62,171.46727502133226,10.006074734892774,9.81072012335993,1.8504654537730514,171.85407345607317,10.094339194935152,9.827846356962421,1.8604996314738549
NGC2841,50,73.74531295846378,178.6333215824253,6.207096909179263,1.3614920473982368,276.07653490027417,10.034828544009084,11.03,217.1107092304584,0.0497327171961672,19.726774375254205,10.92873156776605,215.5558584113734,0.06884623318933436,20.39254205014714,11.675475959011504
NGC2903,34,57.084708626788235,209.4821066617355,16.998452380332935,6.233329147680754,176.63601763201024,0.9432434117432544,10.65,174.45412627291947,0.9412873591046016,17.398388551268535,6.156643678998776,174.72692371137234,0.9415452839643672,17.34484451430124,6.129090031649075
NGC2915,30,42.95118676311887,39.75782575386393,5.656403751758701,0.4573136356521533,88.62213077929842,0.7562220266958712,9.0,67.48095902284189,0.2857632802219219,16.75628085790077,3.987588052512195,70.20367235513315,0.28902656448642877,14.77930433500549,3.1522726698445456
NGC2955,24,27.657573753863048,9.90463660531612,13.322364528285693,3.6883235295334194,249.2700092103136,5.699967490698182,11.3,253.61868478039773,5.748833597350359,13.53535169750427,3.5196312808428214,250.24178581671907,5.709929302628945,13.365048078494318,3.5130290549644663
NGC2976,27,3.406105187377576,0.7743624898196306,1.7905786335694196,0.3002846513079934,129.91908440943024,1.837859762157577,9.28,79.2832137609115,1.566250636129555,2.41329067522282,0.47581367971280053,81.95205168278042,1.5729928057669564,2.3570804733273256,0.45972736553542615
NGC2998,13,33.652973377528944,41.799941296371664,21.00864409221751,2.996322678760177,205.89128861064248,14.408341854154664,11.03,217.1107092304584,17.09034886304513,20.392057554473688,2.7855380840668245,215.5558584113734,16.72170871501626,20.470033916350502,2.770817625860047
NGC3109,25,26.444728371053138,100.300446911673,0.8777566753827386,0.2085208173474796,91.60839573681204,2.788957050168233,8.86,62.25600467147532,1.7735495995987811,5.856869319244144,6.36940207345445,64.9770261315855,1.8950881977262275,5.197805843626273,5.162305206949424
NGC3198,43,34.16670193264366,235.380115379434,5.553531267581026,1.2416836065712775,142.35263971768128,2.7770984292396013,10.53,162.8100636359833,9.405821415435355,9.765471054267762,4.229629796545824,163.5158403570337,9.583266926815336,9.829077088331418,4.3556602822731465
NGC3521,41,23.078129252407752,8.211001400495144,4.268833961853455,0.1783808841133172,262.8898380070518,9.333400477937928,10.68,177.49300658018487,3.5496198096633442,6.763779961541823,0.559665051587363,177.64779883115895,3.558951480746898,6.751684777960134,0.5573205239755347
NGC3726,12,35.66808448405624,16.738580089058516,6.635216780619858,1.9526398216605976,284.68554677733783,28.0497070654926,10.64,173.45277248951135,11.010106356570846,8.165302085237629,1.9897890071101565,173.7640101267415,11.066316177812432,8.150334729060843,1.9876403151958502
NGC3741,21,23.83391859257888,107.52528366395067,1.3665439542311972,0.4346379098569721,61.6143659109294,1.9196114929235288,8.41,48.048656199665565,0.9774833886614422,3.4126470735175967,2.218453120431229,50.67104146966701,1.1524171237593623,2.7691799561338346,1.4841540017262147
NGC3769,12,37.77237660575707,21.51479805119969,4.201305070349707,0.5600995075310556,117.62197975571516,1.31270955457787,10.22,136.20129788067786,4.3320366635379886,8.857735178444745,1.3884949324334357,137.77164079354878,4.569622873668601,9.281808814450573,1.4998436483359614
NGC3877,13,19.87699823169402,7.560229894342272,7.8601604668619425,1.381289295742776,196.88480205459703,1.6522302934823572,10.58,167.56420332671252,1.4415986254898108,11.195079034775905,2.260562846380771,168.0969488888773,1.4440793029911856,11.139030422506876,2.238594879176354
NGC3893,10,34.6389857505947,17.097391214124812,5.573196534599768,0.4728601224958185,170.1872493454693,1.814851150215017,10.57,166.6023971914855,1.746122415937489,5.1891317804001265,0.4425290091362146,167.1705728491579,1.7541049739892853,5.227707377917271,0.43414512292845414
NGC3917,17,10.120335119087136,4.997199409060742,4.308889775415992,1.4033709929543456,135.3475928430246,2.7923806304143968,10.13,129.32463044331868,2.8424155665570576,4.370326887544769,1.3372349988974528,131.0870622306358,2.8272144031949895,4.339144814584383,1.3236918760577756
NGC3949,7,18.393057176033807,2.2356828642573228,3.329896352058764,0.4178630846720939,500.0,17.33122941967258,10.37,148.48454279224222,0.9144780835260301,4.396572612161682,0.1733840880890539,149.67864076587747,2.923041574203649,5.882303550322926,0.5187981800882611
NGC3953,8,5.517456809351518,0.6758320418421097,2.9207680157582736,0.3353126407882433,163.34184835966863,1.247834004112598,10.87,198.0073201584272,26.98845105562117,4.228488208471376,0.6071024785787954,197.31487680758173,26.880352001545972,4.228919139348618,0.6071628621152082
NGC3972,10,9.755142164119798,4.294288583687821,1.6888913494264872,0.1754252325654928,153.8011672742582,1.7957433907433975,9.94,115.92610547877757,1.9914013046567225,4.72178307361514,1.1296419935018027,118.021146896212,1.9787871224434812,4.547123970707003,1.0471220816865972
NGC3992,9,28.393183945756437,20.709497916858847,5.529997428330933,1.0608043266137588,300.00878059802915,32.06488534562185,11.13,229.97532752824648,17.144132058666674,6.106699472598871,1.0569422503102983,227.80320538271985,16.58951259157321,6.14791678961747,1.0691600913196122
NGC4010,12,15.599224969798593,8.658139617702595,6.020655868913951,1.6172640695714944,146.62961558931644,2.922560382498589,10.09,126.38084245556591,3.121700618302122,7.390685046391684,1.991174717013136,128.22119811671843,3.119698761196403,7.22075879976665,1.9036631428568085
NGC4013,36,37.82050627958942,60.086653492132555,4.987528824352986,0.7543591638203688,225.19195663154025,14.64320706009762,10.64,173.45277248951135,6.190817213780624,5.938562701871497,1.199313464487043,173.7640101267415,6.254029172321989,5.922852002854776,1.1921043868884602
NGC4051,7,10.18816154375856,1.343568039011087,4.823835061610938,0.8016309815096,119.238675568241,1.3591762260014284,10.71,180.58482225630172,66.3686722438264,10.049852634677654,1.6101836695700324,180.61750163751037,66.3817469418676,10.049856208043387,1.6101837112188178
NGC4068,6,5.163642484629944,2.718174288425583,0.6178322017126184,0.0920671979100572,62.911759783731625,1.6401523943976983,8.51,50.89571806925857,1.1680193104007635,1.481857831952134,0.24010267144668448,53.55004383523548,1.273885285891618,1.223854199583365,0.15981902998086328
NGC4085,7,18.47822675547293,9.099856244116138,4.991196323971385,1.2573645200788766,171.28358725303406,1.622447182191294,10.1,127.11044702127464,1.7819269139614986,9.898972867609857,3.206455715264009,128.9317361240663,1.7782872533136742,9.665143829956152,3.0639170193632093
NGC4088,12,22.458750547808314,9.993136195195847,5.235820168113226,0.49611126105027,330.8145868132968,27.13630923934315,10.81,191.28514568546615,11.203252684257171,5.670478988092348,0.5271924770288016,190.87973820094757,11.149176164389914,5.6748846162010045,0.528103279714246
NGC4100,24,22.482710099286805,13.250054731921024,6.354666523442198,1.0915278820949936,148.27983949288043,1.571400520162262,10.53,162.8100636359833,5.060156646515211,8.192898302659046,1.753525422632524,163.5158403570337,5.435947047617674,8.17252988742834,1.7729019883139931
NGC4138,7,28.449894576481253,4.6382079089153,8.449603190676777,1.064857173785304,123.0547258640714,1.5807978285380198,10.38,149.34175341256628,5.55436168454275,10.05633156749996,1.1770749837763317,150.50808523149175,5.769085629091617,10.160722197349902,1.1922105841747308
NGC4157,17,36.061838586936915,17.71904852267481,3.519312509245074,0.2145288738519009,231.10030638563092,14.301317926411468,10.8,190.1871830953337,8.600058885504701,4.110326068168578,0.29915379565285294,189.82780705581914,8.543447079441693,4.127261394146231,0.3012934130434922
NGC4183,23,14.85105146028589,5.950081672911645,2.6425840114697183,0.2444190164491801,499.9999999599785,68.7464316372388,10.0,120.0,11.04490213196848,3.4767959734667104,0.3658228310909048,122.0,11.42909310978734,3.4339234951550357,0.35870752813157036
NGC4214,14,22.03276302486902,10.352275628686904,5.553997614205592,0.8285511152115649,102.53246918647442,2.1129709122962925,,,,,,,,,
NGC4217,19,29.482268867465155,17.388137661491932,6.911444351910563,1.0573472494039844,173.2143360460938,2.0316518792672675,10.66,175.46126093480618,2.064338301000838,6.964017336410892,0.9959415704920759,175.6951732834196,2.0680710648329925,6.97137063266915,0.9969722132109493
NGC4389,6,16.040728990343837,6.770334488520874,2.021709263464785,0.1775941764139579,189.8932281337377,4.24363290187607,,,,,,,,,
NGC4559,32,22.507042535772154,17.651795858502613,2.7556037089322367,0.2711195028655069,117.21885514082986,1.4140102679574769,10.24,137.77843457962595,6.979906502962054,3.44374609307877,0.41699674337179055,139.30279512488318,7.221587247504872,3.5205213876432655,0.43380181365811915
NGC5005,18,15.023217101595723,0.4357665437613284,6.383427263833989,0.0561567951002379,299.937985351253,9.91815288632838,10.96,208.53609944992516,4.039685720879339,6.337428299999802,0.059137490439393293,207.3766386108267,3.938683007079671,6.353004108945544,0.059527668762053794
NGC5033,22,53.61516616071642,129.7680125897435,11.927578846142804,6.3682079357622525,184.4527181299711,2.15097335483001,10.85,195.74074910734055,3.4127842135680626,10.201968610588946,7.739888311063103,195.14607949098956,3.2323906401951903,10.06991189181301,7.571275798904712
NGC5055,28,47.03088187367566,1542.9532420988269,3.730297719309027,7.663131265782779,168.2259430452414,3.294118891198873,10.96,208.53609944992516,13.425529827943729,9.690798698408864,65.22880548196247,207.3766386108267,13.130309973985577,9.545837095833333,63.07866593549841
NGC5371,19,19.44944176525916,22.35599081600023,12.239528073443289,8.823405923858996,499.9999999999943,100.49343375775862,11.27,249.27644706870757,44.91453160031726,12.909972044316435,9.205651983547355,246.12732444465473,44.18419845709508,12.932634377386487,9.2372968480633
NGC5585,24,21.726720827876896,163.59547651226978,3.3351108615819114,4.6882629790839045,107.74302538209716,3.3912799063207597,9.57,93.68741281654884,2.3432674501527377,3.9922215840312285,6.726842883719644,96.19662396493607,2.50677555237285,3.703904341775066,5.881976223487765
NGC5907,19,30.559031641724395,114.89133656728374,9.001671934502026,5.273656057890052,263.9326798521548,29.61278226146469,11.06,220.89264017627477,19.815567525666623,9.82273341523785,5.3324916357274335,219.1592626857948,19.389759012772377,9.877457512297074,5.372317026280335
NGC5985,33,16.71749169308609,13.4723405041575,9.215650029943166,2.251895447847648,266.05284465164834,0.7196115515635744,11.08,223.4504563995441,0.14637496463735541,8.946108270365064,3.032374935233207,221.59493560353445,0.11674971767262841,8.9848420702352,3.1023815546479026
NGC6015,44,36.99790669950406,77.30866986241047,7.841095669991114,8.656753504900538,199.6641398746911,13.652104797630424,10.38,149.34175341256628,7.090394835698523,9.317063458887596,10.324601987707874,150.50808523149175,7.247971691151001,9.223187784197266,10.214045024528211
NGC6195,23,17.23515364920158,10.921578631570545,9.279970550557229,1.544380316994223,247.4213242822046,10.626466985557242,11.35,261.02448408234267,14.178800372278067,9.35358473336249,1.5130273433935157,257.2526342918612,13.045734784291696,9.36118562652484,1.495778135479091
NGC6503,31,36.56134043244585,347.6180036097178,2.245318760136684,1.1355389390285713,111.9456580631955,0.5931969557179769,9.94,115.92610547877757,1.8105009727069117,4.498134845643526,1.8593100691230877,118.021146896212,2.2522749768119827,4.660448239359417,2.4487526521061516
NGC6674,15,50.30086327320792,239.8175032997965,8.441969646136826,1.2370643473789456,349.7764361982829,49.45328488620484,11.18,236.6907283337824,17.56222567950287,18.833839031775963,4.791628700440406,234.1854078988883,16.675140306537017,18.855150407773866,5.09252653716122
NGC6789,4,16.23746353810969,8.441702653553966,1.2076374405952042,0.3715583114469975,499.99999999974045,3.820303065877788,7.86,35.009124168014004,0.17036051417407425,9.216728765992418,3.2355560149374387,37.39037584551439,0.19075813379224735,8.75113505781996,2.910848960530938
NGC6946,58,21.819442686186378,20.40772879449621,4.942543212883743,1.486680924857833,150.8317599837629,4.151395473823611,10.61,170.48306554322178,6.80298316864814,5.636644326846166,1.5454930180694852,170.90699204245914,6.850888450223695,5.656381890938277,1.5482697841575723
NGC7331,36,52.2139574211359,115.73718449995874,4.212955581793672,0.8650179224920264,238.557313593363,8.493278588020726,11.15,232.6383163142649,7.604486122863874,4.213726557825146,0.8627922265635579,230.33494458974786,7.247598491877598,4.253179532294937,0.8863842261018929
NGC7793,46,11.21799684672942,2.5719008431003862,6.127968326614992,0.7892807170010885,93.88079215325423,2.4160100144562136,9.67,99.23874102815181,2.787495853357072,6.126681770296101,0.7781675705226179,101.66227653338663,2.969598322880587,6.146358527335191,0.7847266773341602
NGC7814,18,50.16815608077384,66.3653174875452,2.2510523572046264,0.3579214931615362,201.48745202982943,2.2587920532785075,10.59,168.5315620293537,1.841843946294893,10.929447280825116,3.4146946529840654,169.02845844314018,1.8427036712352143,10.80039379924862,3.328869886290775
PGC51017,6,4.31999497230241,1.387510322451639,4.319994965059029,2.3125172060893537,0.1000730691055869,274.9813332475889,,,,,,,,,
UGC00128,22,51.09763085648723,2520.7780569442634,2.365261992561009,3.311920562633242,126.5638399357656,2.970468643610847,10.2,134.64221451623555,8.580807217069761,4.657511808180809,10.019785780959825,136.2573162292284,8.914897822332641,4.920405710205897,11.325079833231188
UGC00191,9,13.252417299819571,222.1433346587063,3.616010743608719,1.517391440380843,79.3196440725303,0.9344792361626862,9.45,87.43418094158729,1.0744808041322065,4.7474814720034075,8.724225792671108,90.02431607575028,4.604405417244831,4.544109968463277,2.150469597623187
UGC00634,4,38.95164152096892,1041.9630671602488,2.2289647089709472,2.862849451897202,119.60803312652097,3.032549541340399,9.8,106.9501125760495,2.056754892755022,6.8405787240428815,9.31322332249245,109.2345013970505,2.0993330269413346,5.858458242933927,6.682959659224646
UGC00731,12,32.74622475464949,155.07213178823613,0.9297751466519756,0.1414659517412148,68.81396379144213,1.1746021622897036,9.41,85.44393599990431,1.9348740447154933,5.17890117500134,4.208000364933901,88.0561778595813,2.5840506727971357,5.999936779638622,5.792282311748471
UGC00891,5,21.060905351890273,1259.353851995796,0.2806616899552376,0.1355337892357465,82.86035851281889,2.894175718283873,8.88,62.97689522997275,1.637463335864992,5.974945040357306,23.86352012414518,65.69916208369845,1.6407142437839062,4.900864976795945,17.170076025744347
UGC01230,11,29.598844657324555,7.949524130724271,7.028152670793739,0.5885707767153738,90.4129590372362,2.6346307995091123,,,,,,,,,
UGC01281,25,13.34079174397641,9.829939526703905,1.9705654498085237,0.2339351098699203,77.10010889304114,1.9320508110434536,8.75,58.43610301990358,1.5551613339320538,3.680593259475915,0.7706715907327656,61.144842502527226,1.5625528467331073,3.3374697577205708,0.6300041674500115
UGC02023,5,7.554665673867481,0.9447153230223688,0.7661581556471132,0.0194328864793264,500.0,20.976807200296463,,,,,,,,,
UGC02259,8,25.62005406692127,196.24366493547586,1.2432317433202922,0.5687502671929132,85.83268020677119,0.5764730956146086,9.18,74.84818025789029,0.5857014486207635,2.4129766280204845,1.1822229496415624,77.54607675241692,0.5831057722123422,2.080166326398296,0.8893857302360194
UGC02455,8,8.961423817374833,6.926968519555344,2.420007266700621,0.7072135214205785,499.99999999999824,24.864489987875043,,,,,,,,,
UGC02487,17,64.80682678503503,212.93172467880493,10.782744200987228,3.8606154402733512,290.9675746638932,15.27352691072281,11.43,273.3261890228786,6.203673250102928,11.753828175930902,3.851672206847911,268.88082418083326,2.6478158396187297,12.309055948844742,4.063843332703882
UGC02885,19,46.84315187900919,24.524315694846194,7.097844798570478,0.638139076604857,286.6259243239194,6.090841611225343,11.41,270.19745000935416,6.993080929413544,8.616806023325166,0.8817109842679027,265.9254058190685,7.074888583605529,9.3831836474925,1.0455241074305268
UGC02916,43,21.54857700743972,14.626491248168225,20.10837292254661,10.746431367073097,154.1455827407783,5.965718532185511,10.97,209.7399914901863,5.265684824322155,22.932281155565622,11.078728446572672,208.52581663858857,5.2818759541721665,22.839440237995234,11.050713489464417
UGC02953,115,59.54094989288613,388.8793690138316,21.28633190626848,4.919134968035567,244.25053941897653,3.172969200941737,11.15,232.6383163142649,2.9558575863336904,22.38672650747284,7.762729140547294,230.33494458974786,2.9400710065775337,22.69254523982569,8.995992419796648
UGC03205,48,36.94443383243415,61.160325686702684,14.228508402227655,3.629254960982888,231.51776256738617,13.597619049637578,10.84,194.61721168307156,6.0938066873298755,15.394688135027373,3.9005362136035386,194.07063669752677,5.7267554950432,15.455401767470919,3.901330132002522
UGC03546,30,50.99614157094204,31.03509458920334,4.966196954590042,0.866638961341022,178.0598582225648,4.142496229477727,10.73,182.67589594565044,5.084843697727032,5.1449636042622044,0.8733711135516941,182.62483252472455,5.073402671616318,5.137852349831904,0.8726068118301321
UGC03580,47,31.313682085186556,221.9967300514684,10.639893760955331,2.1389178185168283,136.85559016214245,5.277591669577679,10.09,126.38084245556591,3.7301267193709626,9.824671876050989,2.6333960713213846,128.22119811671843,4.022712928506906,9.96906757373174,2.451828309252531
UGC04278,25,17.948321289024616,12.942964242255421,2.758780572456074,0.4270713179910979,240.46100705423248,10.243388697093444,9.33,81.59832540039869,2.2801534758587056,7.21650329990265,2.306423821533087,84.2480447948014,2.324974059264594,6.895380658118683,2.109112358182643
UGC04305,22,4.355354275265095,1.6260763753613185,4.355352768191364,1.7972423164590865,0.10010175702593,177.0894019425584,,,,,,,,,
UGC04325,8,19.176681468851108,45.07707002316305,2.9272154045381207,1.471397578378945,75.7135371051995,0.626522300912543,9.28,79.2832137609115,0.6454435964188548,2.9365632568729905,1.23427556167536,81.95205168278042,0.6587437573645739,2.956816149311328,1.2515609369231424
UGC04483,8,5.197794934508023,12.957168499785892,0.7254719593418306,0.3091734558865627,24.920353818635824,0.2522884579468457,7.69,31.745432336688605,0.6967886417346263,0.9655529518558907,0.4854618331096316,34.03767056838085,0.8167783389633275,1.0375270589025092,0.5488831280370606
UGC04499,9,12.533265727816604,21.41293290598973,1.1580489590504175,0.1880891878228528,77.15829525994079,1.2578658896572006,9.35,82.5431894770569,1.563256036429038,1.9840643145096217,0.6524950864815263,85.18435329741489,2.8981596631411346,2.8013846884597644,0.9748385088559868
UGC05005,11,26.542142817103567,7.579628837233763,1.6116705514270986,0.0360001282699455,110.99436231580084,6.036632973590981,9.79,106.33622683913993,4.852903332843279,1.7858740499067842,0.04216437656988898,108.63251411843645,5.428719460422001,1.6460545549047472,0.034319082803701606
UGC05253,73,30.702038976176024,52.39710860861582,15.210482375300776,3.6814026329260554,220.9992116972158,4.706423351317813,11.03,217.1107092304584,4.64302407254227,15.160541111600141,3.67777581952801,215.5558584113734,4.622659652990268,15.15388875277316,3.7243572392960598
UGC05414,6,5.602054643963364,6.274416141836316,0.5516468682448548,0.1012553534696055,79.00285961172237,2.4508029921326444,9.12,72.30715032892289,1.8326670515387895,0.6786892635258457,0.11511280175931668,75.0170238985404,2.088142081072923,0.5869953848461217,0.08594751262605306
UGC05716,12,29.23267792639881,1335.7796665016665,2.1005079288992494,2.4572656105911523,78.48291017326923,2.538849779785453,9.24,77.47850748415868,2.3438328536689186,2.238530971787265,2.2340935811105043,80.16039169755358,2.841320081732906,1.9241253308742887,2.271529083564878
UGC05721,23,28.82648080897391,40.388664871528874,4.225272136939866,0.8417442095734812,81.21743198878599,0.4695435581747041,9.01,67.87053085069846,0.35451350146965194,7.6004889627597,2.769095394199634,70.59270613579015,0.36115725476704547,6.603456372812803,2.061797375748904
UGC05750,11,11.679382875980222,2.2129986772413366,3.3590459755447704,0.1854556757920514,86.2778124881393,4.628724268345362,9.5,89.9873051198947,4.707998286035942,3.5378039268096284,0.16935925560098622,92.54646415356042,4.768366607143798,3.72457974003573,0.1779428634222858
UGC05764,10,25.073255820820105,1782.777674923711,3.4950166624707597,5.086736615413415,58.38091697539141,0.4994374101261967,8.41,48.048656199665565,0.19414427876297916,5.317776016903502,19.220524642446218,50.67104146966701,0.2863062849274181,4.23045485399544,11.029443809824526
UGC05829,11,15.116798124563019,9.81773438472212,1.7851143011826138,0.1711329839903061,71.82031126330872,3.34693372738339,9.22,76.59161834286587,3.7541514785712766,1.8146689873401562,0.15719689969707218,79.27930434507702,3.983281977575415,1.8504022325195955,0.16344868448728794
UGC05918,8,13.037800620965328,12.578113720907881,0.3906222769277085,0.0158069797260908,47.92769062538836,0.8052081640976086,8.71,57.10593491865805,1.2872026811252157,2.567794828573136,0.5692122993477408,59.80807587661254,1.4403912322812849,3.137058597414871,0.8495694711405971
UGC05986,15,20.604492863094617,45.75364465879488,4.530004072725014,1.51240037030312,131.07481114551146,2.4210801743419093,9.77,105.11900611597405,1.986450656864537,5.709140794372944,5.5049225500034,107.43847386700381,1.9973478316732276,5.342738769880508,4.834115085035875
UGC05999,5,26.91264670185426,36.21452762494135,3.714660433366748,1.3798702135220438,112.84235557926353,3.854181145130149,,,,,,,,,
UGC06399,9,14.579201935349866,10.943809946049644,1.3188720744779907,0.0948647378400968,96.5416276499414,2.2918156475046825,9.31,80.66427709338804,2.5317824730273646,2.685264397397994,0.31229855508163556,83.32202777857162,2.52153505868017,2.391769474948401,0.24498363942511275
UGC06446,17,28.771181387359807,41.98033100957416,1.988992683417516,0.1895830335916746,80.19663390132519,1.657955699618788,9.37,83.49899456407259,1.8783343184214554,2.2812544693294123,0.2044958164669052,86.13106766302735,2.057611600921319,2.6440800895401817,0.25998743097321325
UGC06614,13,41.11936756643412,11.812030057264229,4.184388192635345,0.1088381029873656,223.6646686876749,8.947667470492746,10.96,208.53609944992516,7.503108258621309,5.233613305102083,0.2379064625792228,207.3766386108267,7.443042507221723,5.453037698173854,0.26068991156428784
UGC06628,7,4.709386863083979,0.3783245346210784,4.709386881755625,0.5674868064315295,0.1000399767557941,176.5771579271464,,,,,,,,,
UGC06667,9,39.48713354971371,165.21573332527845,1.3845075806501936,0.2445471255814176,101.13538706275136,1.8039953302032237,9.25,77.92579578914535,1.0726662946477539,4.900109144297088,2.7729643771288974,80.6046006569267,1.1849341386010626,4.010782269582065,1.854876001543295
UGC06786,45,41.067984759225695,245.09031064159242,12.127391481048608,0.6095432849167168,224.8075719488103,1.536786496643399,10.64,173.45277248951135,2.07447773279487,24.285242702161963,32.81888876007012,173.7640101267415,2.0733993486455,24.186274802831896,32.47030801675497
UGC06787,71,50.48031478938423,268.52647672737584,15.2975613059508,19.068901001368733,326.4386508746036,18.192264673156316,10.75,184.79118312713902,3.2476648405702067,24.22279220259081,37.6729060429165,184.6544723092174,3.2472020781605258,24.259896564807715,37.763061899235275
UGC06818,8,16.92431786532488,11.463513108988224,4.108192683377529,1.025669593133324,133.92808132069098,5.385195283353297,9.35,82.5431894770569,2.1568456730591947,6.100218522964631,1.9658692819449264,85.18435329741489,2.2976380621321275,5.7405323435180895,1.7620591581321967
UGC06917,11,12.112457943803138,9.333163710168453,1.7544418944042453,0.2665516967198004,116.05192208476448,1.6679094635578835,9.79,106.33622683913993,2.102166478683798,2.288239626256102,0.40834610690231327,108.63251411843645,2.042360356874078,2.0582547674594567,0.32935580748212456
UGC06923,6,12.672543247307866,4.882619713217598,2.8041567143449906,0.5734380920444149,93.64732821792474,1.5889638338507557,9.4,84.95349412609656,1.3035449534896413,3.4392287707773814,0.5923954145435153,87.57090353510614,1.34239080438035,3.1207621065670095,0.5061997144289712
UGC06930,10,13.436238317344174,3.841169465216942,2.5442890869268644,0.158996930658957,102.69134504045282,1.5945079725051292,9.94,115.92610547877757,9.253066204862145,4.964845291099326,0.5380803323826748,118.021146896212,9.708830303730883,5.0061798253786645,0.5429527075552942
UGC06973,9,42.526750303429814,66.72849132459716,2.526624017374745,0.4110009397432179,182.88268737682685,1.4493527857799504,,,,,,,,,
UGC06983,17,26.183702475915098,21.651083312632665,4.058936401581363,0.4877468419743386,107.99159819341106,1.7129574845924378,9.82,108.18853651271485,1.7057621366187758,4.066093249208888,0.4553507822243124,110.44850218111515,1.576680777829187,4.226495306106352,0.47379254797642945
UGC07089,12,8.938595650411182,2.6915453230408892,1.5110542131899554,0.1267285774216828,132.33044816699442,9.056800328966377,9.53,91.55482693938393,4.283626969652622,1.800994108603395,0.15403774667834913,94.09354492868405,4.666313033001906,1.74107068019111,0.1459726370687573
UGC07125,13,8.766076797035293,10.03788065170364,1.5787013048157614,0.5015480760962602,57.7809914411981,2.5963938992542097,9.88,111.99051609563898,19.651394415049438,3.70093906372813,2.0763892501249717,114.1720583171907,20.21256130125574,3.721473945153964,2.0998612800972496
UGC07151,11,5.505556894130527,4.533935470206518,2.039754805500236,0.9805936088803948,65.06972869617924,1.2134979606011085,9.29,79.7409207489335,3.2416115370986645,2.5845664421748404,1.3024149936344027,82.40618912928709,3.5352171949658966,2.630369499843485,1.3451693968990788
UGC07232,4,6.452098938450587,5.096979579008899,0.7870379938053598,0.2275220582895006,499.9999999845057,6.188785063224239,8.07,39.50765440000879,0.3309948701221625,4.138685798220983,3.1457704566383944,41.99134936874836,0.3306968931409855,3.8434017593146774,2.7128993725441983
UGC07261,7,10.576866401745903,4.07406510341968,0.6213189553436962,0.0210879514499937,73.72447032974567,0.5898227697365725,9.43,86.43333014860089,3.716516693566671,4.678957796274781,0.9567388930767267,89.03480885616271,3.977323796281676,4.66513381578315,0.9510938745279889
UGC07323,10,5.39102382278664,2.156145490563103,1.5660574861816268,0.2339351219950643,130.2455449093176,5.788039820169659,9.48,88.95722895611013,3.151202379897385,2.2054512494843994,0.4059597792143482,91.5292346047106,3.2287418591925174,2.089416929065172,0.3643663828516025
UGC07399,10,39.17880952638564,145.50268697014428,1.4682112600613089,0.2228017406929769,108.09603347856928,0.658429746137578,9.2,75.71488133762317,0.4975990031358958,11.070208071903497,11.07564972195415,78.40790151267637,0.5566583602403467,10.004906119536999,8.997195607936806
UGC07524,31,15.297753771215167,20.707822764440973,1.6881071941015924,0.3054890904582197,80.19394604949024,2.08377197485603,9.55,92.61498187020153,2.235391929786836,2.858337275742505,0.8458329722794518,95.1392734838376,2.3788469330869106,3.3472970509536246,1.155758463915784
UGC07559,7,4.1522982551154755,1.9280523727190768,0.778689054680961,0.1017094122238183,38.169984830153965,0.874917055929876,8.45,49.16785317762496,1.9097587175492696,1.042964784727147,0.14596955391629574,51.80358680145015,2.110849633657388,1.0936102517990365,0.16049005894582832
UGC07577,9,1.5451656877245088,0.26729086047590267,0.5789814062006936,0.0500382333478489,499.99999639314905,37.45149460776445,7.91,36.03140905033521,2.3190321704317167,0.6208279161842502,0.04931379431185939,38.437915762263216,2.5292440812406314,0.6161311181164023,0.04857046176201677
UGC07603,12,18.248928725708765,43.49783337703836,1.4708294197599878,0.3453565262279749,71.33301841485566,0.7633738135981387,8.73,57.767190480017376,0.6045624941006114,4.803337665106121,3.314910414151236,60.47276560448242,0.6113556987648361,3.9747750466393605,2.269920619444729
UGC07608,8,26.056587182522588,17.337033019930576,1.3893508866325568,0.0690067592551333,87.06731127189718,1.7326247255656648,,,,,,,,,
UGC07690,7,7.3812045620639655,3.421737837949815,1.8481052436302257,0.3217635959745957,48.21817327329754,0.5511368268343994,8.98,66.70851087244844,2.4324214293104096,2.8340672462994836,0.6053322290021346,69.43202483071862,2.6635059042429616,2.8994488479041896,0.6335842868125228
UGC07866,7,2.779995288372469,0.5443097213949564,0.6108071017023806,0.0394146238194984,499.99999999998846,32.01609500786346,8.34,46.15101384544243,2.409130231022365,0.7334857806025714,0.045469755113802614,48.74833990749427,2.6078696530903853,0.7194437169560213,0.04374544770052905
UGC08286,17,24.967702912705256,159.19691265304306,2.15341531934642,0.8841338509375346,83.23379797642359,0.8484553235979022,9.17,74.41855723845424,0.9411195512021252,2.9317316648127525,1.9177734346108128,77.11872320464273,0.9117883140386672,2.563376876028744,1.3639761797227634
UGC08490,30,29.00209267395044,63.90416969376843,1.4070363369017296,0.1615531330444463,77.77263567004587,0.9764220457349208,9.17,74.41855723845424,0.6276146872250518,1.8667950766779462,0.27422294130076735,77.11872320464273,0.8761993389043599,1.4196724293537235,0.1585940126552209
UGC08550,11,18.569498374530763,89.34006596984366,1.1188548974992722,0.3461762805525123,66.08529288698396,1.7857571464653066,8.72,57.435611078716626,0.6524135957637488,1.2659721061649016,0.3618940168537551,60.13950244008916,1.1830414506800548,1.2657666342902911,0.37508065169346555
UGC08699,41,22.398167215471847,15.462303752566005,9.38188091013036,0.7735380419115946,178.88218459012026,6.264730029301401,10.48,158.1908086267689,3.6367614895993357,10.590810558677836,0.9419293171530309,159.0595797508621,3.730502846404868,10.566239123820123,0.9221172234763428
UGC08837,8,6.28224471769435,6.128382380797185,1.3727517316808666,0.3317153618372231,89.49486575466962,3.809996244743239,8.83,61.19011170898441,2.2668072860042723,2.494088346123931,0.9639708177081268,63.908677521390494,2.4144933037322214,2.2542118763010905,0.7861518155044142
UGC09037,22,30.479480194219835,24.419050337295385,6.402235078287534,0.4761276714906332,161.7572523425298,2.768107257413454,10.78,188.01012841297782,8.560980007205975,10.025933336740698,1.5675369410021958,187.7413042780344,8.516709254346608,10.00327193818605,1.5596651277662499
UGC09133,68,60.30105881121638,403.31056225178935,19.21161552218569,6.571109401570798,206.05223658776336,5.070664349941301,11.27,249.27644706870757,26.183580408889082,25.600390014530387,14.73779949992571,246.12732444465473,24.88006117933035,25.15465711961175,13.913705670438796
UGC09992,5,0.7453551102051126,0.021677221603032076,0.7366345041047129,0.042345889622607,387.7660801337883,189.62738671127207,8.77,59.112761201949255,29.1010878817006,0.7368434283805497,0.02824660887406522,61.82438866962844,30.418406662214014,0.7368254340496047,0.02824522927942602
UGC10310,7,9.465861946920736,4.082875043529909,1.1544743630988985,0.0910973201558398,54.94777294913064,1.83975617382082,9.39,84.46586735237486,5.927484638899527,2.190043689962643,0.26226030361055735,87.0883035394029,6.224301586691366,2.250254604431938,0.2768791927179769
UGC11455,36,31.91248043707805,27.295080571901554,9.683296838385935,2.26705793216664,258.30398387673023,4.34543647065452,11.31,255.08284142605288,4.4086418048444305,9.652240378547951,2.2131987005749827,251.62850113728194,4.475974554156227,9.672347409443836,2.2550041823235074
UGC11557,12,10.614707607139394,1.9419405139512222,4.977136829617407,0.5483959579964116,98.35664335485406,2.537546822414479,9.98,118.62637135883269,6.3306418795078505,6.221761337086098,0.7713822948585511,120.65903029257002,6.757394899319629,6.31294512193927,0.7862037246804758
UGC11820,10,22.505989980807083,824.3121287370686,3.238737411521222,0.912856744385296,97.46912684448192,5.970684612581409,9.49,89.47078464333379,4.744009034166475,3.5591886608379246,1.56101838506195,92.0364440281548,5.205296579763194,3.226578587206073,1.1373929029451897
UGC11914,65,12.499523901270173,8.538025002840499,10.134160398196835,0.7026900544603588,499.99999999999966,11.877059647532706,10.88,199.15042889250736,2.7964031167681256,10.427468414216678,3.5049284758914876,198.40829756363607,2.7978874096855195,10.433563468342271,3.532106808768803
UGC12506,31,30.324932321260892,4.381740715317233,17.782574278059357,1.1191680576486636,217.2531465374321,25.08703928632969,11.07,222.16786730463267,26.357360300450594,17.765365748635,1.0809179522176393,220.37373414673718,25.89426247806549,17.77125257425795,1.0807177732128816
UGC12632,15,19.27571144793716,42.50078460602759,1.0026824781909114,0.0847672496521084,64.97176690837182,1.8839975274324976,9.47,88.44662104055216,4.823962483785877,3.720076428433759,1.7036113564231101,91.02482039355374,5.133063684656723,3.9481488534397133,1.9085561421071853
UGC12732,16,29.528974236598284,79.64375218519164,1.6585811391976155,0.2721829736904443,100.4196103461969,4.753761124891399,9.76,104.51563079472967,5.239728188858682,1.8297969325895065,0.28038839651373715,106.84638442937693,5.517368403291962,1.975900916905469,0.31718153881140326
UGCA281,7,2.167934891066382,1.7563549919525687,0.5826510777059085,0.1818975661240352,32.77911689812948,0.3558516011107983,,,,,,,,,
UGCA442,8,23.427458945407917,473.04715903338285,1.6050965226251623,0.9626417193240806,66.24130764784633,1.7402756968356454,8.62,54.22271332499066,0.9800425156308422,3.9756970938764664,9.955084910185839,56.9062320748611,1.1650872332795976,3.250192233889483,5.893917694237797
UGCA444,36,13.298235341092429,10.737278959025799,1.6017091417219949,0.1745413081194526,38.114807545876864,0.7722213525350499,7.98,37.51295240548747,0.7470333362329047,1.6465943060459043,0.17000071929549598,39.953960017780645,0.8498958652249553,1.5090462535330462,0.17422712195329268
