ID,n_points,yD_bary,yB_bary,chi2_red_bary,wrms_bary_kms,yD_halo,yB_halo,vinf_kms,rc_kpc,chi2_red_halo,wrms_halo_kms,wrms_improvement_kms
CamB,9,0.5199918202501708,0.0,5.618628698164288,3.352201872848439,4.057397907939966e-34,0.0,499.99999874447286,29.39072013953456,0.44927641154250425,0.8209230276425168,2.531278845205922
D512-2,4,1.9999999999793079,0.0,1.8370434856586328,5.068775586108411,1.2970817674545057,0.0,36.143496886680495,1.1262100720956578,0.14663468053614828,0.967189647396916,4.101585938711495
D564-8,6,1.9999999999999714,0.0,18.972117215960974,7.637125838593393,5.705020377591115e-13,0.0,32.528225479129425,1.1171622376860038,0.044173229259169555,0.2633499156923467,7.373775922901046
D631-7,16,1.9999999999998244,0.0,69.94670921724015,21.989795815301722,1.1886688799963577e-20,0.0,88.63571574132001,3.5974283511078053,0.36435338512847326,1.4999447225604605,20.48985109274126
DDO064,14,1.999999999998073,0.0,3.765731819310837,9.602329174673566,1.4642218499099212e-17,0.0,64.21663419864578,1.1165205611122675,0.35592558392141904,2.7807056745148073,6.821623500158758
DDO154,12,1.9999999999998734,0.0,5117.131069350785,21.080395942158408,0.06014450549541895,0.0,57.01447667457929,1.4354432278794984,2.19133787362017,1.3646519347301795,19.715744007428228
DDO161,31,1.9999999999999998,0.0,260.1348929636179,18.606193892513737,0.5239021417439775,0.0,78.83720348135547,4.469290175264542,0.34584216447107924,1.4319410510136494,17.17425284150009
DDO168,10,1.9999999999999998,0.0,83.39260838396241,14.965798787093842,3.776334212000633e-19,0.0,85.60940872211938,2.2414420793473644,4.210055904133325,3.171173063284554,11.794625723809288
DDO170,8,1.9999999999999998,0.0,378.8039931730932,19.974040618403738,1.631113090651487e-16,0.0,63.05923059725069,1.8382952182548202,1.525510308897563,1.4950389236223558,18.47900169478138
ESO079-G014,15,1.6959643143560927,0.0,9.101229520612106,14.172808252094645,0.4478564677178561,0.0,194.1356240588592,4.72136252060276,1.3663176785299151,6.314825268438485,7.857982983656161
ESO116-G012,15,1.9999999999991767,0.0,69.39068675831962,20.574030266397894,0.7089427001663006,0.0,124.39339312706775,2.5632705419397857,1.0202120919947342,2.8263865465369946,17.7476437198609
ESO444-G084,7,1.9999999999993914,0.0,251.43742771254827,28.91918721768702,1.9999999999999996,0.0,77.27141688296769,1.1681702521862005,0.5820963829412671,1.4600079833376323,27.45917923434939
ESO563-G021,30,1.323667297115924,0.0,37.10565538226635,45.987365676612185,0.5190905325862071,0.0,312.79517658902057,4.9775668187835285,11.48264362794687,18.176016338436384,27.811349338175802
F561-1,6,0.9170092429960237,0.0,0.6301907588181436,3.9556091665188924,5.125807703700256e-15,0.0,48.66006209477686,1.036445167048492,0.3523780325703137,3.018791363147479,0.9368178033714134
F563-1,17,1.99999999998172,0.0,21.057082900702618,49.094169460418414,3.0816600523823553e-14,0.0,116.74318514485749,2.0173642824042037,0.5876722426138521,7.016085093855374,42.07808436656304
F563-V1,6,0.9764542734678852,0.0,0.17210135204729587,1.893527088350907,0.880272213414848,0.0,6.73203256670555,0.19865148891208187,0.271695269338416,1.8428757057192435,0.050651382631663466
F563-V2,10,1.9999999999999998,0.0,9.893301346809277,38.878108766461835,1.9999999999999998,0.0,118.87200132851069,1.8896570538036976,0.18948575532810666,4.686393548304569,34.19171521815727
F565-V2,7,1.9999999999974134,0.0,32.49862484426712,32.41778702256819,9.148856572324741e-16,0.0,105.37338672074561,3.1556713874942193,0.06352608669885858,1.6011675001328374,30.816619522435353
F567-2,5,1.9153537311785782,0.0,0.29887355638719965,3.7311185342725923,1.307081874978159,0.0,38.254489440669296,2.5350383515620916,0.44746255756454206,3.1902813062115594,0.540837228061033
F568-1,12,1.9999999999999998,0.0,16.975374054614377,44.15696509273254,3.2658303248853852e-15,0.0,153.24744362442354,2.1872813843450643,0.12662554488722852,3.554124594626713,40.60284049810583
F568-3,18,1.9999999999999998,0.0,5.1139371095062165,19.032058050354042,2.297885942516339e-15,0.0,134.07404800088383,3.6513055938302905,1.0282773435165509,6.2441521294112645,12.787905920942777
F568-V1,15,1.9999999999999998,0.0,17.040040476510093,39.946880236174664,1.9999999999999656,0.0,110.58849516238458,1.739427478831643,0.09722839375043602,4.365561152129416,35.58131908404525
F571-8,13,1.1389926743343841,0.0,131.73052685973178,47.76244924793829,0.12307547187465348,0.0,176.17445941498704,3.4837500469422813,0.45608380283776356,3.2020572210766924,44.5603920268616
F571-V1,7,1.9999999999999998,0.0,19.035733926745362,24.59264325761217,0.5735466339873415,0.0,94.00897810908648,3.1748846222276184,0.08688383695815483,1.8643570390385908,22.72828621857358
F574-1,14,1.9999999999999998,0.0,18.870679580602697,19.161746388406055,2.647872894280261e-15,0.0,110.0002406587304,1.7196852779529441,0.2460099973667835,2.1095720784251455,17.05217430998091
F574-2,5,0.5608193362379503,0.0,0.09281477860208737,2.6887153251486184,1.4951801500202468e-19,0.0,38.41652389353431,3.582699188956981,0.049593329297188425,1.3556737118053235,1.333041613343295
F579-V1,14,1.9999999999990832,0.0,2.591329225308987,15.442862321642833,0.034896353353708644,0.0,115.25385916604066,0.6430108269743022,0.0370008336509835,1.6964646308873557,13.746397690755478
F583-1,25,1.9999999999999998,0.0,21.623029260687662,25.797683608920508,0.339134578108523,0.0,97.09472996859284,2.6575806089337966,0.37238093886562784,3.5380374293805548,22.259646179539953
F583-4,12,1.9999999999999998,0.0,2.221086582763004,6.657951351534817,1.7575623279509067,0.0,499.99999999999676,47.00492579604047,0.16432752078741203,1.7075298242330854,4.950421527301732
IC2574,34,1.9999999999922793,0.0,62.30981219065118,11.904163489107853,0.8746368881365262,0.0,146.00981618549477,12.548840211015897,2.3479226916720446,2.2551148323955554,9.649048656712298
IC4202,32,1.448245807034327,0.492996416330454,32.361881518281415,24.105575557417488,0.08923435492909011,2.8583682205900823e-29,267.77115615606556,2.0151397067164383,8.20896936152723,14.332355780742322,9.773219776675166
KK98-251,15,1.9999999999999902,0.0,7.654138570980663,5.3456010574110815,1.1149630124134078e-13,0.0,51.65094240284115,1.9576045096694936,0.29782431676557247,0.9762365561941593,4.369364501216922
NGC0024,29,1.9999999999999998,0.0,23.390253317403456,15.587704369561905,0.6606333014731746,0.0,103.78145616367364,0.6467743266690821,0.3301705160515474,3.1747895611015853,12.41291480846032
NGC0055,21,1.9999999999999998,0.0,17.88817241285389,11.540791310057562,2.6398725650448345e-16,0.0,98.97505929220203,3.1721429311586498,0.25807962487487046,1.518038264434402,10.02275304562316
NGC0100,21,1.8691157762028394,0.0,9.703666375603131,17.04447833023287,0.3176033608551699,0.0,103.52981905306905,2.4133271914597008,0.08308780692366564,1.2071566564469816,15.837321673785889
NGC0247,26,1.9999999999999998,0.0,15.636083876807309,14.670251986800114,2.0118633524752275e-17,0.0,99.66025171048977,1.6311926589507981,2.101128880588931,5.658187507362799,9.012064479437315
NGC0289,28,1.7510592550921362,0.0,43.613421507804844,63.37671835493053,0.6048012531570295,0.0,156.63448907568602,3.8750798285469443,2.0038045500976605,10.03024141869945,53.346476936231085
NGC0300,25,1.9999999999999998,0.0,46.06530459642028,22.552992085853635,0.9918483191625559,0.0,107.74980276543467,3.205031069636134,0.42043101490905266,3.1481869717366364,19.404805114117
NGC0801,13,0.9182008447331014,0.0,52.72270162090327,33.83496877524812,0.6595775358622245,0.0,219.3459034237575,23.454150173687914,5.650221711152007,12.765781508116453,21.069187267131667
NGC0891,18,0.8151104666478253,0.14240700196910164,80.28066216994583,43.54275245129819,0.18536727890963037,0.5888279572697214,207.13296316330133,1.6958199540532013,3.551445195295448,10.640288922373093,32.9024635289251
NGC1003,36,1.9999999999999998,0.0,252.54709249338057,38.70170850616595,0.9028730002000588,0.0,125.42624446011949,6.9947339081407565,2.457958851846719,3.971712120219277,34.72999638594667
NGC1090,24,1.3561569428550333,0.0,53.673369805750426,26.86787572940506,0.45807334273294936,0.0,145.64572488152425,2.6671214090187276,1.4450047790927407,6.564045515742743,20.303830213662316
NGC1705,14,1.999999999999972,0.0,35.246119852812654,28.78399595168113,1.7562326928913345,0.0,73.8311964731918,0.8296860647722635,0.0855607839021204,1.894982697855219,26.88901325382591
NGC2366,26,1.9999999999999998,0.0,39.527062101182466,12.9758618604516,3.13438446336116e-14,0.0,56.88527848376576,1.191670120197005,0.7688165605032613,2.6743575364534937,10.301504323998106
NGC2403,73,1.9440958630542033,0.0,840.1379531168416,37.897958779149306,0.7575659237335787,0.0,134.36755463278357,3.029117172409113,10.696445008498479,4.734464722969675,33.16349405617963
NGC2683,11,1.0811566903541334,5.604178053732599e-20,14.160512639277407,31.788343649318147,0.673440390709845,8.736978211947537e-09,137.52610173922196,1.7235752792705077,1.1954512356223082,7.726171645472853,24.062172003845294
NGC2841,50,1.9999999999999993,1.6739862417039943,178.6333215824253,73.74531295846378,1.1530231608706762,1.049247577063753,276.07653490027417,10.034828544009084,1.3614920473982368,6.2070969091792625,67.53821604928453
NGC2903,34,0.903937349654821,0.0,209.4821066617355,57.084708626788235,0.29953928612503933,0.0,176.63601763201024,0.9432434117432543,6.233329147680754,16.998452380332935,40.0862562464553
NGC2915,30,1.9999999999999998,0.0,39.75782575386393,42.95118676311887,9.793852059897069e-20,0.0,88.62213077929842,0.7562220266958712,0.4573136356521533,5.656403751758701,37.29478301136017
NGC2955,24,0.7240425835378913,0.683493291628287,9.90463660531612,27.657573753863048,0.21064846611332858,0.8345220971591578,249.27000921031356,5.699967490698182,3.6883235295334194,13.322364528285691,14.335209225577357
NGC2976,27,0.9310527397981054,0.0,0.7743624898196306,3.406105187377576,0.4131437551725725,0.0,129.91908440943024,1.837859762157577,0.3002846513079934,1.7905786335694196,1.6155265538081562
NGC2998,13,1.543515164988089,0.0,41.799941296371664,33.652973377528944,0.8838840947822945,0.0,205.89128861064248,14.408341854154665,2.996322678760177,21.00864409221751,12.644329285311436
NGC3109,25,1.9999999999906701,0.0,100.300446911673,26.444728371053138,0.2866569847330236,0.0,91.60839573681204,2.7889570501682335,0.20852081734747968,0.8777566753827386,25.5669716956704
NGC3198,43,1.3320847004148029,0.0,235.380115379434,34.16670193264366,0.5166816590613623,0.0,142.35263971768128,2.7770984292396013,1.2416836065712777,5.553531267581026,28.613170665062636
NGC3521,41,0.6626216557089484,0.0,8.211001400495144,23.078129252407752,0.5806665552870305,0.0,262.8898380070518,9.333400477937927,0.1783808841133172,4.2688339618534545,18.809295290554296
NGC3726,12,0.8323477358439968,0.0,16.738580089058516,35.66808448405624,0.6495270720697094,0.0,284.68554677733783,28.0497070654926,1.9526398216605978,6.635216780619858,29.03286770343638
NGC3741,21,1.9999999999999998,0.0,107.52528366395067,23.83391859257888,1.5022401952409796,0.0,61.6143659109294,1.9196114929235288,0.43463790985697215,1.3665439542311972,22.467374638347682
NGC3769,12,1.2295010085011535,0.0,21.51479805119969,37.77237660575707,0.23976294436624768,0.0,117.62197975571517,1.31270955457787,0.5600995075310556,4.201305070349707,33.57107153540736
NGC3877,13,0.7632168097317686,0.0,7.560229894342272,19.87699823169402,4.705346014466527e-19,0.0,196.88480205459706,1.6522302934823572,1.381289295742776,7.8601604668619425,12.01683776483208
NGC3893,10,0.9061870836429988,0.0,17.097391214124812,34.6389857505947,0.4040564190897437,0.0,170.1872493454693,1.814851150215017,0.47286012249581855,5.573196534599768,29.065789215994933
NGC3917,17,1.5586166044550276,0.0,4.997199409060742,10.120335119087136,0.5582558699204954,0.0,135.3475928430246,2.7923806304143968,1.4033709929543456,4.308889775415992,5.811445343671144
NGC3949,7,0.6334747842510303,0.0,2.2356828642573228,18.393057176033807,0.531121562023658,0.0,499.99999999999994,17.33122941967258,0.41786308467209393,3.329896352058764,15.063160823975043
NGC3953,8,0.8500683146118954,0.0,0.6758320418421097,5.517456809351518,0.4670621158823731,0.0,163.34184835966863,1.2478340041125981,0.3353126407882433,2.9207680157582736,2.596688793593245
NGC3972,10,1.47152249240384,0.0,4.294288583687821,9.755142164119798,2.0416174611001193e-23,0.0,153.8011672742582,1.7957433907433975,0.17542523256549286,1.6888913494264872,8.06625081469331
NGC3992,9,1.4625026848175162,0.0,20.709497916858847,28.393183945756437,1.126080954616794,0.0,300.00878059802915,32.06488534562185,1.0608043266137588,5.529997428330933,22.863186517425504
NGC4010,12,1.2897179546548492,0.0,8.658139617702595,15.599224969798593,0.1941543545625581,0.0,146.62961558931644,2.922560382498589,1.6172640695714944,6.020655868913951,9.578569100884643
NGC4013,36,0.8441982791963568,1.9999999999999998,60.086653492132555,37.82050627958942,0.5427251145798433,1.3004680416074048,225.19195663154025,14.64320706009762,0.7543591638203688,4.987528824352986,32.83297745523643
NGC4051,7,0.7096671536308417,0.0,1.343568039011087,10.18816154375856,0.3799498265892876,0.0,119.23867556824099,1.3591762260014284,0.8016309815096,4.8238350616109384,5.364326482147622
NGC4068,6,1.4083922523787415,0.0,2.718174288425583,5.163642484629944,4.105756470949962e-15,0.0,62.911759783731625,1.6401523943976983,0.09206719791005726,0.6178322017126184,4.5458102829173255
NGC4085,7,0.6524772404873098,0.0,9.099856244116138,18.47822675547293,2.7172963901723654e-23,0.0,171.28358725303406,1.622447182191294,1.2573645200788766,4.991196323971385,13.487030431501546
NGC4088,12,0.5943330416219237,0.0,9.993136195195847,22.458750547808314,0.4425248873590613,0.0,330.8145868132968,27.13630923934315,0.49611126105027004,5.235820168113226,17.22293037969509
NGC4100,24,1.2354752481684592,0.0,13.250054731921024,22.482710099286805,0.5933941804658561,0.0,148.27983949288043,1.571400520162262,1.0915278820949936,6.354666523442198,16.128043575844607
NGC4138,7,1.272950099250666,2.528074017787333e-15,4.6382079089153,28.449894576481253,0.8511518264391364,2.5311882697688603e-09,123.05472586407139,1.5807978285380198,1.064857173785304,8.449603190676777,20.000291385804474
NGC4157,17,0.8464543958884615,7.339878806152536e-14,17.71904852267481,36.061838586936915,0.5607065978696847,3.4579370180732744e-17,231.10030638563094,14.301317926411468,0.21452887385190092,3.519312509245074,32.54252607769184
NGC4183,23,1.999999999999123,0.0,5.950081672911645,14.85105146028589,1.7589888670641036,0.0,499.9999999599785,68.7464316372388,0.2444190164491801,2.6425840114697183,12.20846744881617
NGC4214,14,1.9999999999999998,0.0,10.352275628686904,22.03276302486902,1.2862615392916945,0.0,102.53246918647442,2.1129709122962925,0.8285511152115649,5.553997614205592,16.478765410663428
NGC4217,19,1.9999999999999978,0.328139474274487,17.388137661491932,29.482268867465155,1.0285349546515736,0.1113554896042913,173.2143360460938,2.0316518792672675,1.0573472494039844,6.911444351910563,22.57082451555459
NGC4389,6,0.3117777603204284,0.0,6.770334488520874,16.040728990343837,0.03954882986068276,0.0,189.8932281337377,4.24363290187607,0.17759417641395792,2.021709263464785,14.019019726879051
NGC4559,32,1.3303507732003819,0.0,17.651795858502613,22.507042535772154,0.17671816970050583,0.0,117.21885514082986,1.4140102679574769,0.27111950286550696,2.7556037089322367,19.751438826839916
NGC5005,18,0.7517338279338048,0.396356443271,0.4357665437613284,15.023217101595723,0.5974493662073664,0.5019304876056485,299.937985351253,9.918152886328379,0.056156795100237945,6.383427263833989,8.639789837761734
NGC5033,22,1.9999999999999991,0.22893868746856488,129.7680125897435,53.61516616071642,0.6854388529652019,0.2793276289375325,184.4527181299711,2.15097335483001,6.3682079357622525,11.927578846142804,41.68758731457362
NGC5055,28,0.6515198509159685,0.0,1542.9532420988269,47.03088187367566,0.3796742262670491,0.0,168.2259430452414,3.294118891198873,7.663131265782779,3.730297719309027,43.30058415436663
NGC5371,19,0.7335810587343405,0.0,22.35599081600023,19.44944176525916,0.6631811533595745,0.0,499.99999999999426,100.49343375775862,8.823405923858996,12.239528073443287,7.209913691815872
NGC5585,24,1.3561321854501243,0.0,163.59547651226978,21.726720827876896,0.6242624648409264,0.0,107.74302538209717,3.3912799063207593,4.6882629790839045,3.3351108615819114,18.391609966294986
NGC5907,19,1.3958194001586213,0.0,114.89133656728374,30.559031641724395,0.9875840016146122,0.0,263.93267985215476,29.612782261464694,5.273656057890052,9.001671934502026,21.557359707222368
NGC5985,33,1.8835378916452843,1.9999999999999998,13.4723405041575,16.71749169308609,0.39705114845380346,3.97959635640516e-13,266.05284465164834,0.7196115515635744,2.2518954478476476,9.215650029943166,7.501841663142923
NGC6015,44,1.2558251936456122,0.0,77.30866986241047,36.99790669950406,1.0728271701647438,0.0,199.6641398746911,13.652104797630425,8.656753504900538,7.841095669991114,29.156811029512944
NGC6195,23,0.8761692225621993,0.6485171726140414,10.921578631570545,17.23515364920158,0.27161842027545785,0.7746491839558818,247.4213242822046,10.626466985557242,1.544380316994223,9.279970550557227,7.955183098644355
NGC6503,31,1.999999999999969,0.0,347.6180036097178,36.56134043244585,0.24913655427131173,0.0,111.9456580631955,0.5931969557179769,1.1355389390285713,2.245318760136684,34.31602167230917
NGC6674,15,1.9999999999999998,1.9999999999999998,239.8175032997965,50.30086327320792,1.391589459339685,1.1856250331355567,349.7764361982829,49.45328488620484,1.2370643473789456,8.441969646136826,41.8588936270711
NGC6789,4,1.9999999999998295,0.0,8.441702653553966,16.23746353810969,1.3531463072728898,0.0,499.99999999974045,3.820303065877788,0.3715583114469975,1.2076374405952042,15.029826097514485
NGC6946,58,0.8344165910560347,0.33887779946511304,20.40772879449621,21.819442686186378,0.5398144549547036,0.5688939715949659,150.8317599837629,4.151395473823611,1.486680924857833,4.942543212883743,16.876899473302636
NGC7331,36,0.8392473651868948,7.262069965383476e-16,115.73718449995874,52.2139574211359,0.4469158447352634,4.523081707509261e-16,238.557313593363,8.493278588020726,0.8650179224920264,4.212955581793672,48.00100183934223
NGC7793,46,1.0276408616345176,0.0,2.5719008431003862,11.21799684672942,0.7734677992275705,0.0,93.88079215325425,2.4160100144562136,0.7892807170010885,6.127968326614992,5.090028520114428
NGC7814,18,1.9999999999999687,1.142142826954946,66.3653174875452,50.16815608077384,0.6670388655428716,0.5627019124771953,201.48745202982943,2.2587920532785075,0.35792149316153626,2.2510523572046264,47.91710372356921
PGC51017,6,0.6407272600864452,0.0,1.387510322451639,4.31999497230241,0.6407272639277828,0.0,0.10007306910558698,274.9813332475889,2.3125172060893537,4.319994965059029,7.243381006105665e-09
UGC00128,22,1.9999999999999998,0.0,2520.7780569442634,51.09763085648723,0.7129015272794018,0.0,126.5638399357656,2.970468643610847,3.311920562633242,2.365261992561009,48.73236886392622
UGC00191,9,1.9999999999999998,0.0,222.1433346587063,13.252417299819571,0.3108346792746997,0.0,79.3196440725303,0.9344792361626862,1.517391440380843,3.6160107436087188,9.636406556210853
UGC00634,4,1.9999999999999998,0.0,1041.9630671602488,38.95164152096892,0.016500555664937015,0.0,119.60803312652097,3.032549541340399,2.862849451897202,2.2289647089709472,36.72267681199797
UGC00731,12,1.9999999999998308,0.0,155.07213178823613,32.74622475464949,1.9999999999999998,0.0,68.81396379144213,1.1746021622897036,0.14146595174121487,0.9297751466519756,31.816449607997512
UGC00891,5,1.9999999999999998,0.0,1259.353851995796,21.060905351890273,1.0144076015937215e-13,0.0,82.86035851281889,2.8941757182838734,0.13553378923574658,0.2806616899552376,20.780243661935035
UGC01230,11,1.9999999999995037,0.0,7.949524130724271,29.598844657324555,1.878224516822288,0.0,90.41295903723619,2.6346307995091123,0.5885707767153738,7.028152670793739,22.570691986530818
UGC01281,25,1.9999999999999927,0.0,9.829939526703905,13.34079174397641,5.293811866252539e-13,0.0,77.10010889304114,1.9320508110434538,0.2339351098699203,1.9705654498085234,11.370226294167887
UGC02023,5,1.3326317062919102,0.0,0.9447153230223688,7.554665673867481,0.27216027918802643,0.0,499.99999999999994,20.976807200296463,0.01943288647932647,0.7661581556471132,6.788507518220368
UGC02259,8,1.999999999999903,0.0,196.24366493547586,25.62005406692127,0.3759731619055615,0.0,85.83268020677119,0.5764730956146086,0.5687502671929132,1.2432317433202922,24.376822323600976
UGC02455,8,0.21172122797088813,0.0,6.926968519555344,8.961423817374833,0.07469528621485459,0.0,499.99999999999824,24.864489987875043,0.7072135214205785,2.420007266700621,6.541416550674212
UGC02487,17,1.9999999999999998,1.9999999999999998,212.93172467880493,64.80682678503503,1.5871775289044832,0.4365616916422274,290.9675746638932,15.27352691072281,3.8606154402733512,10.782744200987228,54.024082584047804
UGC02885,19,1.7149525733296853,0.7281599048938778,24.524315694846194,46.84315187900919,0.2239159910666555,1.137926211410173,286.6259243239194,6.090841611225343,0.638139076604857,7.097844798570478,39.745307080438714
UGC02916,43,1.9999999999999998,0.5413627208951026,14.626491248168225,21.54857700743972,1.5744445292482097,0.5177552329884686,154.1455827407783,5.965718532185511,10.746431367073097,20.10837292254661,1.4402040848931108
UGC02953,115,1.2970399704853566,0.27630892984618016,388.8793690138316,59.54094989288613,0.581256273461452,0.6984297665575593,244.25053941897653,3.172969200941737,4.919134968035567,21.286331906268476,38.25461798661766
UGC03205,48,1.6980872419101556,0.5216780226394658,61.160325686702684,36.94443383243415,0.8885166794575576,1.1973763496893974,231.51776256738617,13.597619049637578,3.629254960982888,14.228508402227655,22.715925430206497
UGC03546,30,1.4922063451697654,0.017341292059483173,31.03509458920334,50.99614157094204,0.6352146418429867,0.4137942302223013,178.0598582225648,4.142496229477727,0.866638961341022,4.966196954590042,46.029944616352
UGC03580,47,1.734382361843308,4.7570851728404446e-18,221.9967300514684,31.313682085186556,0.6747892354958681,0.12238793685656026,136.85559016214245,5.277591669577679,2.1389178185168283,10.639893760955333,20.673788324231225
UGC04278,25,1.9999999999999998,0.0,12.942964242255421,17.948321289024616,1.1104355201996527,0.0,240.46100705423248,10.243388697093444,0.4270713179910979,2.758780572456074,15.189540716568542
UGC04305,22,0.7665364459816777,0.0,1.6260763753613185,4.355354275265095,0.7665371736608678,0.0,0.10010175702593006,177.0894019425584,1.7972423164590865,4.355352768191364,1.5070737315880933e-06
UGC04325,8,1.9999999999568228,0.0,45.07707002316305,19.176681468851108,1.4447385302286788,0.0,75.7135371051995,0.626522300912543,1.471397578378945,2.9272154045381207,16.249466064312987
UGC04483,8,1.9999999999977165,0.0,12.957168499785892,5.197794934508023,0.04838271411910411,0.0,24.920353818635824,0.2522884579468457,0.30917345588656275,0.7254719593418306,4.472322975166192
UGC04499,9,1.9999999999999232,0.0,21.41293290598973,12.533265727816604,2.6708655109535783e-13,0.0,77.15829525994079,1.2578658896572006,0.18808918782285286,1.1580489590504177,11.375216768766187
UGC05005,11,1.9999999999989735,0.0,7.579628837233763,26.542142817103567,0.4597508078972034,0.0,110.99436231580084,6.036632973590981,0.03600012826994555,1.6116705514270986,24.930472265676467
UGC05253,73,1.578485879396423,0.5804365604041339,52.39710860861582,30.702038976176024,0.5338489678891176,0.7013948144445438,220.9992116972158,4.706423351317813,3.6814026329260545,15.210482375300776,15.491556600875247
UGC05414,6,1.9702559501887873,0.0,6.274416141836316,5.602054643963364,0.6820882734904405,0.0,79.00285961172237,2.4508029921326444,0.1012553534696055,0.5516468682448548,5.05040777571851
UGC05716,12,1.9999999999999998,0.0,1335.7796665016665,29.23267792639881,1.6750313937849217,0.0,78.48291017326923,2.5388497797854526,2.4572656105911523,2.1005079288992494,27.13216999749956
UGC05721,23,1.9999999999936644,0.0,40.388664871528874,28.82648080897391,0.6690318398643854,0.0,81.21743198878599,0.4695435581747041,0.8417442095734812,4.225272136939866,24.60120867203404
UGC05750,11,1.999999999999999,0.0,2.2129986772413366,11.679382875980222,0.7481433189542529,0.0,86.2778124881393,4.628724268345362,0.18545567579205144,3.3590459755447704,8.320336900435452
UGC05764,10,1.9999999999998412,0.0,1782.777674923711,25.073255820820105,1.0246367507991363,0.0,58.38091697539141,0.49943741012619675,5.086736615413415,3.4950166624707593,21.578239158349344
UGC05829,11,1.9999999999999998,0.0,9.81773438472212,15.116798124563019,1.9999999999999998,0.0,71.82031126330872,3.34693372738339,0.17113298399030616,1.7851143011826138,13.331683823380406
UGC05918,8,1.9999999999999998,0.0,12.578113720907881,13.037800620965328,1.114276127296346e-17,0.0,47.92769062538836,0.8052081640976086,0.015806979726090804,0.3906222769277085,12.64717834403762
UGC05986,15,1.9999999999999998,0.0,45.75364465879488,20.604492863094617,0.789898167092773,0.0,131.07481114551146,2.4210801743419093,1.5124003703031201,4.530004072725014,16.074488790369603
UGC05999,5,1.9999999999990596,0.0,36.21452762494135,26.91264670185426,1.4875982609990925e-13,0.0,112.84235557926353,3.8541811451301493,1.3798702135220438,3.714660433366748,23.19798626848751
UGC06399,9,1.9999999999999998,0.0,10.943809946049644,14.579201935349866,0.7992432578044355,0.0,96.54162764994139,2.2918156475046825,0.09486473784009684,1.3188720744779907,13.260329860871876
UGC06446,17,1.9999999999999998,0.0,41.98033100957416,28.771181387359807,1.9999999999999292,0.0,80.19663390132519,1.6579556996187879,0.18958303359167467,1.9889926834175158,26.782188703942293
UGC06614,13,1.9999999999999998,0.4984196685663713,11.812030057264229,41.11936756643412,0.01957727290845815,0.5662185679749625,223.66466868767486,8.947667470492746,0.1088381029873656,4.184388192635345,36.934979373798775
UGC06628,7,0.6897939359496154,0.0,0.3783245346210784,4.709386863083979,0.6897940328855512,0.0,0.10003997675579417,176.5771579271464,0.5674868064315295,4.709386881755625,-1.867164645119601e-08
UGC06667,9,1.9999999999990865,0.0,165.21573332527845,39.48713354971371,1.4198274328493621e-18,0.0,101.13538706275135,1.8039953302032234,0.24454712558141764,1.3845075806501936,38.10262596906352
UGC06786,45,1.9999999999999998,0.7209760704341884,245.09031064159242,41.067984759225695,0.2229841706997409,0.5922208815197856,224.8075719488103,1.536786496643399,0.6095432849167168,12.127391481048608,28.940593278177086
UGC06787,71,1.999999999999769,0.852904064133074,268.52647672737584,50.48031478938423,1.9999999999999998,0.49123657578854163,326.4386508746036,18.192264673156313,19.068901001368733,15.2975613059508,35.18275348343343
UGC06818,8,1.5665289461635135,0.0,11.463513108988224,16.92431786532488,0.1971225670073329,0.0,133.92808132069098,5.385195283353297,1.025669593133324,4.108192683377529,12.816125181947353
UGC06917,11,1.9999999999989893,0.0,9.333163710168453,12.112457943803138,0.16630421580222307,0.0,116.05192208476447,1.6679094635578837,0.2665516967198004,1.7544418944042453,10.358016049398893
UGC06923,6,1.536795212414531,0.0,4.882619713217598,12.672543247307866,0.26066224848633524,0.0,93.64732821792474,1.5889638338507557,0.5734380920444149,2.8041567143449906,9.868386532962875
UGC06930,10,1.9999999999998952,0.0,3.841169465216942,13.436238317344174,0.4221234249527565,0.0,102.69134504045282,1.5945079725051292,0.15899693065895706,2.5442890869268644,10.891949230417309
UGC06973,9,0.4697366748128877,5.071526595762855e-13,66.72849132459716,42.526750303429814,0.18645589683597943,1.8401520416602802e-14,182.88268737682685,1.4493527857799504,0.41100093974321794,2.526624017374745,40.00012628605507
UGC06983,17,1.9999999999999998,0.0,21.651083312632665,26.183702475915098,0.7030111115469624,0.0,107.99159819341106,1.7129574845924378,0.48774684197433865,4.058936401581363,22.124766074333735
UGC07089,12,1.5012981598382285,0.0,2.6915453230408892,8.938595650411182,0.8251372968974902,0.0,132.33044816699442,9.056800328966375,0.1267285774216828,1.5110542131899554,7.427541437221227
UGC07125,13,1.999999999999976,0.0,10.03788065170364,8.766076797035293,0.579473039609291,0.0,57.780991441198104,2.5963938992542097,0.5015480760962602,1.5787013048157614,7.187375492219531
UGC07151,11,1.7505345373268775,0.0,4.533935470206518,5.505556894130527,0.8934676171034744,0.0,65.06972869617924,1.2134979606011085,0.9805936088803947,2.0397548055002357,3.4658020886302916
UGC07232,4,1.6809022424867743,0.0,5.096979579008899,6.452098938450587,0.5007408883981879,0.0,499.99999998450573,6.188785063224239,0.22752205828950064,0.7870379938053598,5.665060944645227
UGC07261,7,1.9999999999999998,0.0,4.07406510341968,10.576866401745903,0.22746645143575925,0.0,73.72447032974567,0.5898227697365725,0.021087951449993706,0.6213189553436962,9.955547446402207
UGC07323,10,1.390834304256507,0.0,2.156145490563103,5.39102382278664,0.7997136552446225,0.0,130.2455449093176,5.788039820169659,0.23393512199506433,1.5660574861816268,3.8249663366050135
UGC07399,10,1.9999999999999998,0.0,145.50268697014428,39.17880952638564,4.226342282119114e-16,0.0,108.09603347856928,0.658429746137578,0.22280174069297698,1.4682112600613089,37.71059826632433
UGC07524,31,1.9999999999999998,0.0,20.707822764440973,15.297753771215167,0.7098292926027325,0.0,80.19394604949024,2.08377197485603,0.3054890904582197,1.6881071941015924,13.609646577113574
UGC07559,7,1.9702940933739164,0.0,1.9280523727190768,4.1522982551154755,0.014697540505771439,0.0,38.169984830153965,0.874917055929876,0.10170941222381838,0.778689054680961,3.3736092004345144
UGC07577,9,0.8205530262836708,0.0,0.26729086047590267,1.5451656877245088,0.28093377497359395,0.0,499.99999639314905,37.45149460776445,0.050038233347848904,0.5789814062006936,0.9661842815238152
UGC07603,12,1.9999999999999998,0.0,43.49783337703836,18.248928725708765,0.2695103805490035,0.0,71.33301841485566,0.7633738135981387,0.3453565262279749,1.4708294197599878,16.77809930594878
UGC07608,8,1.9999999999910456,0.0,17.337033019930576,26.056587182522588,3.5065364841303947e-16,0.0,87.06731127189718,1.7326247255656648,0.06900675925513336,1.3893508866325568,24.66723629589003
UGC07690,7,1.6331918554807092,0.0,3.421737837949815,7.3812045620639655,0.8577244677310599,0.0,48.21817327329754,0.5511368268343994,0.3217635959745957,1.8481052436302257,5.53309931843374
UGC07866,7,1.9999999999989453,0.0,0.5443097213949564,2.779995288372469,1.6006621055820724,0.0,499.99999999998846,32.01609500786346,0.0394146238194984,0.6108071017023806,2.1691881866700884
UGC08286,17,1.9999999999999873,0.0,159.19691265304306,24.967702912705256,0.7022884229397247,0.0,83.23379797642359,0.8484553235979022,0.8841338509375346,2.15341531934642,22.814287593358838
UGC08490,30,1.9999999999999027,0.0,63.90416969376843,29.00209267395044,1.2543199934837945,0.0,77.77263567004587,0.9764220457349208,0.16155313304444638,1.4070363369017296,27.59505633704871
UGC08550,11,1.9999999999999643,0.0,89.34006596984366,18.569498374530763,1.7669245397117972,0.0,66.08529288698396,1.7857571464653066,0.34617628055251237,1.1188548974992722,17.45064347703149
UGC08699,41,1.7935932954541012,0.31190380885101926,15.462303752566005,22.398167215471847,1.0360383126046213,0.6496892516858337,178.88218459012026,6.264730029301401,0.7735380419115946,9.381880910130361,13.016286305341486
UGC08837,8,1.351636615001133,0.0,6.128382380797185,6.28224471769435,9.07572228335525e-23,0.0,89.49486575466962,3.809996244743239,0.3317153618372231,1.3727517316808666,4.909492986013483
UGC09037,22,0.7164872418152984,0.0,24.419050337295385,30.479480194219835,9.885817041727966e-14,0.0,161.7572523425298,2.7681072574134546,0.4761276714906332,6.402235078287534,24.0772451159323
UGC09133,68,1.9999999999999907,0.22401961984801996,403.31056225178935,60.30105881121638,0.7133052315646907,0.5796784398764837,206.05223658776336,5.070664349941301,6.571109401570798,19.211615522185692,41.08944328903068
UGC09992,5,1.6810219521329932,0.0,0.021677221603032076,0.7453551102051126,1.6637421090313427,0.0,387.7660801337883,189.62738671127207,0.04234588962260706,0.7366345041047129,0.008720606100399708
UGC10310,7,1.9999999999999891,0.0,4.082875043529909,9.465861946920736,1.777021173200216,0.0,54.94777294913064,1.8397561738208201,0.09109732015583989,1.1544743630988983,8.311387583821837
UGC11455,36,0.8159058843523087,0.0,27.295080571901554,31.91248043707805,0.32264067750357034,0.0,258.30398387673023,4.34543647065452,2.26705793216664,9.683296838385937,22.22918359869211
UGC11557,12,0.6022759557007252,0.0,1.9419405139512222,10.614707607139394,0.02703823334539137,0.0,98.35664335485406,2.537546822414479,0.5483959579964116,4.977136829617407,5.6375707775219865
UGC11820,10,1.9999999999999998,0.0,824.3121287370686,22.505989980807083,1.9999999999999998,0.0,97.46912684448193,5.970684612581409,0.9128567443852961,3.238737411521222,19.267252569285862
UGC11914,65,0.970584029958305,0.8685066163315494,8.538025002840499,12.499523901270173,0.5645753251447608,1.0307711060177005,499.99999999999966,11.877059647532706,0.7026900544603588,10.134160398196835,2.365363503073338
UGC12506,31,1.9999999999999194,0.0,4.381740715317233,30.324932321260892,1.88551090952321,0.0,217.25314653743212,25.08703928632969,1.1191680576486636,17.782574278059357,12.542358043201535
UGC12632,15,1.999999999999999,0.0,42.50078460602759,19.27571144793716,1.7763076999499203,0.0,64.97176690837182,1.8839975274324978,0.08476724965210841,1.0026824781909114,18.273028969746246
UGC12732,16,1.9999999999999998,0.0,79.64375218519164,29.528974236598284,1.9999999999999998,0.0,100.4196103461969,4.753761124891399,0.27218297369044436,1.6585811391976157,27.87039309740067
UGCA281,7,1.9999999999903204,0.0,1.7563549919525687,2.167934891066382,0.5793991047685882,0.0,32.77911689812948,0.3558516011107983,0.1818975661240352,0.5826510777059085,1.5852838133604732
UGCA442,8,1.9999999999998852,0.0,473.04715903338285,23.427458945407917,1.0572956589506064,0.0,66.24130764784633,1.7402756968356454,0.9626417193240806,1.6050965226251623,21.822362422782753
UGCA444,36,1.9999999999999898,0.0,10.737278959025799,13.298235341092429,1.9999999999999998,0.0,38.114807545876864,0.7722213525350499,0.17454130811945262,1.6017091417219949,11.696526199370433
